<code_scheme name="Default" version="173">
  <option name="RIGHT_MARGIN" value="200" />
  <codeStyleSettings language="JAVA">
    <option name="ALIGN_MULTILINE_CHAINED_METHODS" value="true" />
    <option name="ALIGN_MULTILINE_PARAMETERS" value="false" />
    <option name="ALIGN_MULTILINE_THROWS_LIST" value="true" />
    <option name="ALIGN_THROWS_KEYWORD" value="true" />
    <option name="ALIGN_MULTILINE_METHOD_BRACKETS" value="true" />
    <option name="WRAP_FIRST_METHOD_IN_CALL_CHAIN" value="true" />
    <option name="KEEP_SIMPLE_BLOCKS_IN_ONE_LINE" value="true" />
    <option name="KEEP_SIMPLE_METHODS_IN_ONE_LINE" value="true" />
    <option name="KEEP_SIMPLE_LAMBDAS_IN_ONE_LINE" value="true" />
    <option name="KEEP_SIMPLE_CLASSES_IN_ONE_LINE" value="true" />
    <option name="KEEP_MULTIPLE_EXPRESSIONS_IN_ONE_LINE" value="true" />
    <option name="WRAP_LONG_LINES" value="true" />
  </codeStyleSettings>
</code_scheme>