<application>
  <component name="CodeFoldingSettings">
    <option name="COLLAPSE_DOC_COMMENTS" value="true" />
  </component>
  <component name="CodeInsightSettings">
    <option name="COMPLETION_CASE_SENSITIVE" value="2" />
  </component>
  <component name="DefaultFont">
    <option name="FONT_SIZE" value="14" />
    <option name="FONT_FAMILY" value="Lucida Console" />
    <option name="LINE_SPACING" value="1.4" />
  </component>
  <component name="EditorSettings">
    <option name="IS_WHEEL_FONTCHANGE_ENABLED" value="true" />
  </component>
</application>