<application>
  <component name="ProjectManager">
    <defaultProject>
      <component name="Encoding" addBOMForNewFiles="with NO BOM" />
      <component name="GradleLocalSettings">
        <option name="projectSyncType">
          <map>
            <entry key="E:/svn/JavaProjects/Gits/MagicServer/service-rest/service-rest-main-magic" value="PREVIEW" />
            <entry key="E:/svn/JavaProjects/MagicServer/service-rest/service-rest-cloud-new-magic" value="PREVIEW" />
          </map>
        </option>
      </component>
      <component name="MavenImportPreferences">
        <option name="generalSettings">
          <MavenGeneralSettings>
            <option name="localRepository" value="D:\Files\Library\Java\Maven\Local\Repo" />
            <option name="mavenHome" value="E:/Files/SoftWare/GreenVersions/apache-maven-3.6.1" />
            <option name="userSettingsFile" value="E:\Files\SoftWare\GreenVersions\apache-maven-3.6.1\conf\settings.xml" />
          </MavenGeneralSettings>
        </option>
      </component>
      <component name="MavenRunner">
        <option name="jreName" value="#JAVA_HOME" />
        <option name="vmOptions" value="-DarchetypeCatalog=internal" />
      </component>
      <component name="ProjectRootManager" version="2" languageLevel="JDK_1_7" project-jdk-name="1.7" project-jdk-type="JavaSDK" />
      <component name="PropertiesComponent">
        <property name="nodejs_interpreter_path.stuck_in_default_project" value="undefined stuck path" />
        <property name="nodejs_npm_path_reset_for_default_project" value="true" />
        <property name="project.structure.last.edited" value="Project" />
        <property name="project.structure.proportion" value="0.0" />
        <property name="project.structure.side.proportion" value="0.2" />
        <property name="settings.editor.selected.configurable" value="reference.settings.project.maven.runner" />
      </component>
      <component name="masterDetails">
        <states>
          <state key="GlobalLibrariesConfigurable.UI">
            <settings>
              <splitter-proportions>
                <option name="proportions">
                  <list>
                    <option value="0.2" />
                  </list>
                </option>
              </splitter-proportions>
            </settings>
          </state>
          <state key="JdkListConfigurable.UI">
            <settings>
              <splitter-proportions>
                <option name="proportions">
                  <list>
                    <option value="0.2" />
                  </list>
                </option>
              </splitter-proportions>
            </settings>
          </state>
          <state key="ProjectJDKs.UI">
            <settings>
              <last-edited>1.7</last-edited>
              <splitter-proportions>
                <option name="proportions">
                  <list>
                    <option value="0.2" />
                  </list>
                </option>
              </splitter-proportions>
            </settings>
          </state>
          <state key="ProjectLibrariesConfigurable.UI">
            <settings>
              <splitter-proportions>
                <option name="proportions">
                  <list>
                    <option value="0.2" />
                  </list>
                </option>
              </splitter-proportions>
            </settings>
          </state>
        </states>
      </component>
    </defaultProject>
  </component>
</application>