<application>
  <component name="ProjectManager">
    <defaultProject>
      <component name="MavenImportPreferences">
        <option name="generalSettings">
          <MavenGeneralSettings>
            <option name="localRepository" value="F:\files\blend\softwares\library\Maven\Repo" />
            <option name="mavenHome" value="F:/files/blend/softwares/greenversions/apache-maven-3.0.4" />
            <option name="userSettingsFile" value="F:\files\blend\softwares\greenversions\apache-maven-3.0.4\conf\settings.xml" />
          </MavenGeneralSettings>
        </option>
      </component>
      <component name="ProjectViewState">
        <option name="showLibraryContents" value="true" />
        <option name="showMembers" value="true" />
      </component>
      <component name="PropertiesComponent">
        <property name="settings.editor.selected.configurable" value="MavenSettings" />
      </component>
    </defaultProject>
  </component>
</application>