<application>
  <component name="GitRememberedInputs">
    <option name="visitedUrls">
      <list>
        <UrlAndUserName>
          <option name="url" value="http://git.imagicpie.com" />
          <option name="userName" value="mingxing.sun@magicpie.com" />
        </UrlAndUserName>
        <UrlAndUserName>
          <option name="url" value="https://git.imagicpie.com/magicservice/service-rest-task-magic.git" />
          <option name="userName" value="" />
        </UrlAndUserName>
        <UrlAndUserName>
          <option name="url" value="https://git.imagicpie.com/magicservice/service-rest-exam-magic.git" />
          <option name="userName" value="" />
        </UrlAndUserName>
      </list>
    </option>
    <option name="cloneParentDir" value="D:\Files\Work\Projects\Java\rest_projects" />
  </component>
</application>