<keymap version="1" name="Visual Studio copy 1" parent="Visual Studio">
  <action id="ActivateBuildToolWindow">
    <keyboard-shortcut first-keystroke="ctrl alt f1" />
  </action>
  <action id="ActivateFavoritesToolWindow" />
  <action id="ChangesView.Revert" />
  <action id="CloseContent">
    <keyboard-shortcut first-keystroke="ctrl f4" />
    <keyboard-shortcut first-keystroke="ctrl w" />
  </action>
  <action id="CodeCompletion">
    <keyboard-shortcut first-keystroke="alt slash" />
  </action>
  <action id="CommentByLineComment">
    <keyboard-shortcut first-keystroke="ctrl slash" />
    <keyboard-shortcut first-keystroke="ctrl divide" />
    <keyboard-shortcut first-keystroke="ctrl colon" />
    <keyboard-shortcut first-keystroke="alt c" />
  </action>
  <action id="CompareTwoFiles" />
  <action id="CreateJavaeeWebPageAction">
    <keyboard-shortcut first-keystroke="shift alt j" />
  </action>
  <action id="DebugClass">
    <keyboard-shortcut first-keystroke="shift alt d" />
  </action>
  <action id="Diff.ShowDiff" />
  <action id="EditorDeleteLine">
    <keyboard-shortcut first-keystroke="shift ctrl l" />
    <keyboard-shortcut first-keystroke="ctrl d" />
  </action>
  <action id="EditorDuplicate">
    <keyboard-shortcut first-keystroke="alt s" />
  </action>
  <action id="EditorSelectWord" />
  <action id="FileChooser.GotoDesktop" />
  <action id="FindInPath">
    <keyboard-shortcut first-keystroke="shift ctrl f" />
    <keyboard-shortcut first-keystroke="ctrl alt f" />
  </action>
  <action id="GotoNextElementUnderCaretUsage" />
  <action id="HippieCompletion" />
  <action id="IntroduceField" />
  <action id="NewClass">
    <keyboard-shortcut first-keystroke="shift alt c" />
  </action>
  <action id="NewDir">
    <keyboard-shortcut first-keystroke="shift alt p" />
  </action>
  <action id="NewFile">
    <keyboard-shortcut first-keystroke="shift alt e" />
  </action>
  <action id="RecentChanges" />
  <action id="ReformatCode">
    <keyboard-shortcut first-keystroke="alt f8" />
    <keyboard-shortcut first-keystroke="alt f" />
  </action>
  <action id="RevealIn">
    <keyboard-shortcut first-keystroke="alt x" />
  </action>
  <action id="RunClass">
    <keyboard-shortcut first-keystroke="ctrl f9" />
    <keyboard-shortcut first-keystroke="ctrl alt z" />
  </action>
  <action id="SearchEverywhere">
    <keyboard-shortcut first-keystroke="alt d" />
  </action>
  <action id="SendEOF" />
  <action id="ShowFilterPopup" />
  <action id="TableResult.UnselectPreviousOccurrence" />
  <action id="ToggleFloatingMode">
    <keyboard-shortcut first-keystroke="alt 2" />
  </action>
  <action id="UnselectPreviousOccurrence" />
  <action id="UpdateRunningApplication" />
  <action id="Vcs.ReformatCommitMessage">
    <keyboard-shortcut first-keystroke="alt f8" />
    <keyboard-shortcut first-keystroke="alt f" />
  </action>
  <action id="Vcs.RollbackChangedLines" />
  <action id="android.deploy.ApplyChanges">
    <keyboard-shortcut first-keystroke="ctrl f10" />
  </action>
  <action id="android.deploy.CodeSwap">
    <keyboard-shortcut first-keystroke="ctrl alt f10" />
  </action>
  <action id="hg4idea.QFold" />
  <action id="hg4idea.QPushAction" />
</keymap>